label,true_y,img_path,2D18_AMpredict,2D34_AMpredict,2D50_AMpredict,2D18_NAMpredict,2D34_NAMpredict,2D50_NAMpredict,3D18NTL,3D34NTL,3D50NTL,3D18TL,3D34TL,3D50TL
0,0,vali_no_hengqievalidation1.jpg,0.07476414,0.115904704,0.178945526,0.386380106,0.013023419,0.332184076,0.30253315,0.192831397,0.315357089,0.386160851,0.184825897,0.001571894
0,0,vali_no_hengqievalidation10.jpg,0.158848375,0.425301492,0.216115654,0.368357748,0.139116347,0.333462,0.271643519,0.203102708,0.13899529,0.014781713,0.153822303,0.000102162
0,0,vali_no_hengqievalidation101.jpg,0.353476822,0.268375874,0.257066578,0.385946751,0.028748801,0.328962654,0.28610003,0.347997427,0.278452754,0.000980735,0.249438345,0.000102162
0,0,vali_no_hengqievalidation103.jpg,0.394437462,0.70937413,0.476044685,0.365697592,0.368113339,0.332970589,0.356035709,0.279464364,0.544599652,0.987671018,0.483124495,4.37E-05
0,0,vali_no_hengqievalidation105.jpg,0.294296861,0.494961262,0.290691257,0.381096095,0.438883305,0.330925316,0.306132317,0.244122267,0.489198565,0.633313298,0.476144314,0.000102162
0,0,vali_no_hengqievalidation108.jpg,0.225982249,0.23499307,0.024420192,0.350335777,0.075458258,0.232774347,0.3050524,0.280533731,0.585555613,0.993191481,0.41450423,0.957620144
0,0,vali_no_hengqievalidation11.jpg,0.228586197,0.181270331,0.165942296,0.379828542,0.01425431,0.332967311,0.296509862,0.267661095,0.550392389,0.7910707,0.453528583,0.999143362
0,0,vali_no_hengqievalidation110.jpg,0.091271102,0.20455429,0.093665056,0.371928394,0.060546137,0.333038449,0.269972086,0.253274679,0.217902184,0.495611548,0.139633656,0.000102162
0,0,vali_no_hengqievalidation111.jpg,0.408004761,0.47257185,0.080351405,0.353262812,0.39722243,0.235928014,0.242454767,0.211185873,0.253132105,0.002016902,0.275066018,1.19E-07
0,0,vali_no_hengqievalidation113.jpg,0.16700533,0.011456894,0.027639668,0.352989376,0.02103341,0.23997736,0.26097405,0.455320835,0.526273966,0.00590682,0.4246099,1.31E-05
0,0,vali_no_hengqievalidation116.jpg,0.290688157,0.257528692,0.196830004,0.369984776,0.011520674,0.333646894,0.281606317,0.20180738,0.301004708,0.140451849,0.097335339,5.96E-08
0,0,vali_no_hengqievalidation118.jpg,0.249855936,0.242896602,0.030629601,0.353368342,0.04666733,0.304261655,0.206480503,0.370215416,0.092011571,0.150374413,0.106570959,1.79E-07
0,0,vali_no_hengqievalidation119.jpg,0.434224695,0.259398907,0.134408742,0.360615194,0.205077186,0.330043167,0.272502601,0.267836273,0.354540706,0.031513691,0.226135612,5.96E-08
0,0,vali_no_hengqievalidation120.jpg,0.189712271,0.060715646,0.131511763,0.366497666,0.00546107,0.332827061,0.204373956,0.297211349,0.109761119,0.007474422,0.052386642,5.96E-08
0,0,vali_no_hengqievalidation123.jpg,0.376357079,0.231637985,0.20872052,0.377879739,0.339772105,0.332343817,0.234107971,0.196976185,0.224893928,0.051128387,0.191746712,5.96E-08
0,0,vali_no_hengqievalidation126.jpg,0.351516902,0.493104428,0.362094939,0.384303182,0.438883305,0.331438631,0.139385104,0.331698239,0.086725831,0.434548259,0.117071509,5.96E-08
0,0,vali_no_hengqievalidation128.jpg,0.096946821,0.286411732,0.115722716,0.358874023,0.007350695,0.299341708,0.430984139,0.469364524,0.444224477,0.579253137,0.470224261,1.16E-05
0,0,vali_no_hengqievalidation13.jpg,0.260200769,0.404357612,0.117629483,0.35959968,0.111135155,0.331683248,0.326774418,0.3947438,0.418519437,0.717187405,0.265025973,0.499285519
0,0,vali_no_hengqievalidation15.jpg,0.412259668,0.318708599,0.1345952,0.363413483,0.198683709,0.328764796,0.202646613,0.301325619,0.076763153,0.943436146,0.116262436,2.32E-06
0,0,vali_no_hengqievalidation17.jpg,0.419577181,0.255877733,0.039312471,0.353997499,0.025014499,0.205746114,0.231978953,0.317196369,0.134621978,0.633841455,0.228734851,0.110744417
0,0,vali_no_hengqievalidation19.jpg,0.474860728,0.420810193,0.058837574,0.348457605,0.020420343,0.2500135,0.278640628,0.284055471,0.313079655,0.005164623,0.323302627,1.28E-05
0,0,vali_no_hengqievalidation2.jpg,0.245720595,0.032766569,0.065442123,0.358750254,0.017720954,0.303808868,0.251446605,0.297145486,0.183171272,0.275933743,0.101620555,0.110744417
0,0,vali_no_hengqievalidation20.jpg,0.547646284,0.379557222,0.182444379,0.353924155,0.018158101,0.309005588,0.246802449,0.492977619,0.518354893,0.880742252,0.53509891,3.74E-05
0,0,vali_no_hengqievalidation22.jpg,0.306288391,0.272747993,0.092404962,0.35497722,0.017006757,0.296818674,0.287741065,0.228386879,0.369245887,0.434362769,0.131552756,1.19E-07
0,0,vali_no_hengqievalidation24.jpg,0.47699663,0.47678405,0.317561895,0.355008394,0.377547741,0.333601415,0.332755983,0.447156429,0.284272313,0.003574848,0.195574045,0.850854337
0,0,vali_no_hengqievalidation26.jpg,0.291070491,0.30561775,0.175929904,0.361923158,0.295701206,0.332610875,0.323123515,0.306097865,0.31614846,0.366637588,0.209509075,1.19E-07
0,0,vali_no_hengqievalidation28.jpg,0.393001914,0.253468394,0.071604483,0.353766382,0.013718894,0.278496534,0.274804473,0.454845071,0.343109071,0.740087867,0.392468572,0.850854337
0,0,vali_no_hengqievalidation30.jpg,0.343660682,0.262841761,0.09549088,0.361129701,0.01388083,0.329316497,0.334700227,0.30045712,0.501107752,0.959030271,0.420283675,0.000424266
0,0,vali_no_hengqievalidation32.jpg,0.303731918,0.264981627,0.055457167,0.349643618,0.060591053,0.224965125,0.361966252,0.345001161,0.541840076,0.985422254,0.520863473,0.498412728
0,0,vali_no_hengqievalidation35.jpg,0.131017432,0.00154278,0.023447348,0.354683101,0.152956471,0.252079487,0.252195954,0.176447093,0.15585804,0.0005759,0.15810436,0.002487898
0,0,vali_no_hengqievalidation36.jpg,0.274313629,0.010798193,0.113857858,0.357016981,0.003396819,0.333806515,0.261537433,0.172075272,0.131327331,0.000371933,0.166593909,0.020908117
0,0,vali_no_hengqievalidation38.jpg,0.258975595,0.269660681,0.043800112,0.35102877,0.117376067,0.238834068,0.322499454,0.272254527,0.352339029,0.653751254,0.224570215,5.96E-08
0,0,vali_no_hengqievalidation4.jpg,0.301109165,0.357481688,0.219610259,0.373102993,0.438883305,0.332234472,0.291716874,0.37146318,0.417334199,0.060305774,0.296083272,0.002487898
0,0,vali_no_hengqievalidation41.jpg,0.222107515,0.277090639,0.065687574,0.350860417,0.043634702,0.211334556,0.271628976,0.17219156,0.112346888,0.044705153,0.123082757,0.020908117
0,0,vali_no_hengqievalidation42.jpg,0.388278514,0.062162697,0.192469656,0.358326823,0.016414713,0.333686173,0.278132915,0.442091107,0.456565499,0.333074749,0.547043085,4.89E-06
0,0,vali_no_hengqievalidation44.jpg,0.15108408,0.047604904,0.092339434,0.364033729,0.064953022,0.333838671,0.250240266,0.231482506,0.09686327,0.040182948,0.103650451,1.52E-05
0,0,vali_no_hengqievalidation46.jpg,0.402615637,0.25182721,0.054224268,0.355301052,0.009409825,0.299312532,0.255764723,0.290117264,0.176851034,0.117545962,0.115088403,0.002010942
0,0,vali_no_hengqievalidation48.jpg,0.391436785,0.296201766,0.255144387,0.379135281,0.166986212,0.331530094,0.285516918,0.188907504,0.286394477,0.399725556,0.175144732,0.002991557
0,0,vali_no_hengqievalidation50.jpg,0.25754714,0.009031765,0.099419296,0.364831865,0.003202357,0.332449943,0.233853579,0.408604503,0.188384712,8.17E-05,0.100384235,0.001185894
0,0,vali_no_hengqievalidation52.jpg,0.172310472,0.030210493,0.064685389,0.361365199,0.08118517,0.31355226,0.256440818,0.28532815,0.204440594,0.025259495,0.208038151,0.005168796
0,0,vali_no_hengqievalidation54.jpg,0.239252135,0.281433046,0.050910253,0.353500426,0.200191677,0.255314201,0.21997261,0.45435226,0.164571047,0.078912139,0.242753923,0.001439452
0,0,vali_no_hengqievalidation57.jpg,0.413241059,0.371722341,0.20327279,0.357738972,0.075940691,0.308477312,0.187071204,0.409645677,0.121652722,0.523678899,0.246635973,2.08E-05
0,0,vali_no_hengqievalidation58.jpg,0.118150301,0.190088555,0.050407019,0.361937135,0.039363883,0.296629101,0.213350117,0.346857131,0.09167397,0.086625099,0.186546803,1.19E-07
0,0,vali_no_hengqievalidation6.jpg,0.128985479,0.241161689,0.069007322,0.364851952,0.045551866,0.316652685,0.240653276,0.334020793,0.231673241,0.000320673,0.109317899,1.19E-07
0,0,vali_no_hengqievalidation61.jpg,0.4212116,0.345740408,0.104837462,0.353783786,0.02946675,0.204278216,0.20409596,0.414630651,0.234744668,0.101331234,0.391309977,0.001185894
0,0,vali_no_hengqievalidation63.jpg,0.317918837,0.001181083,0.20950982,0.368219763,0.006586501,0.331986219,0.283700645,0.252912581,0.409545124,0.569996357,0.379311085,0.005168796
0,0,vali_no_hengqievalidation64.jpg,0.281051308,0.001255652,0.050672006,0.359652787,0.004308923,0.331452131,0.233622134,0.380305648,0.210448623,0.397460401,0.204016566,0.016364813
0,0,vali_no_hengqievalidation66.jpg,0.258897722,0.365138143,0.253132373,0.377526581,0.438883305,0.332151711,0.231545031,0.381895304,0.16514343,0.299619555,0.238585234,0
0,0,vali_no_hengqievalidation69.jpg,0.379389346,0.00798523,0.081318833,0.353966445,0.004623179,0.270472586,0.312782824,0.194850206,0.349410415,0.001805663,0.16064924,1.40E-05
0,0,vali_no_hengqievalidation72.jpg,0.436671078,0.213091135,0.107296064,0.355595827,0.001822615,0.290716231,0.301516235,0.19633913,0.42229867,0.001986504,0.263131976,1.20E-05
0,0,vali_no_hengqievalidation74.jpg,0.227311164,0.199500367,0.175683782,0.363062084,0.043765772,0.331733525,0.263333857,0.386272073,0.40496254,0.495218754,0.394429088,0.006324053
0,0,vali_no_hengqievalidation75.jpg,0.390797228,0.480258614,0.300373942,0.39069277,0.438883305,0.325963616,0.2633425,0.365766943,0.294106364,0.208616734,0.359945953,0.257144749
0,0,vali_no_hengqievalidation77.jpg,0.324984282,0.136397302,0.097531602,0.361709237,0.030722026,0.333954513,0.296205044,0.289272308,0.261243105,0.22222054,0.160717487,1.22E-05
0,0,vali_no_hengqievalidation80.jpg,0.504160941,0.266169906,0.039482594,0.348617733,0.001340121,0.204184592,0.23693496,0.176408887,0.126234829,0.650516272,0.081252337,0.001768708
0,0,vali_no_hengqievalidation81.jpg,0.129209444,0.215835094,0.15098609,0.366489798,0.071814477,0.333585113,0.232212663,0.406119525,0.211068273,0.002017081,0.254343033,5.96E-07
0,0,vali_no_hengqievalidation83.jpg,0.471455753,0.294310272,0.131255373,0.35564974,0.048681758,0.332723081,0.212750316,0.368837833,0.142542481,0.000121474,0.168640971,1.79E-07
0,0,vali_no_hengqievalidation85.jpg,0.348089695,0.000675257,0.052208886,0.352555871,0.003802774,0.296623379,0.270739913,0.304554701,0.27092576,0.301489115,0.149255872,0.018408895
0,0,vali_no_hengqievalidation87.jpg,0.34191528,0.009281421,0.046972893,0.352525294,0.015279284,0.307963043,0.255405664,0.214523911,0.287088513,0.482295573,0.076472282,0
0,0,vali_no_hengqievalidation89.jpg,0.147407129,0.001431542,0.030411543,0.35280773,0.005248555,0.28885287,0.247812271,0.385093212,0.277898252,0.157971978,0.227062464,0.001429498
0,0,vali_no_hengqievalidation91.jpg,0.396013439,0.417332292,0.427300304,0.361071199,0.438883305,0.332676619,0.258834362,0.360321164,0.341786444,0.008497357,0.285353541,0
0,0,vali_no_hengqievalidation93.jpg,0.236384198,0.429898858,0.21272251,0.366913557,0.438883305,0.331609219,0.219806552,0.383638859,0.129457831,0.013310194,0.182404399,0
0,0,vali_no_hengqievalidation95.jpg,0.43564707,0.257857949,0.274162561,0.355104983,0.006048721,0.333711773,0.260163724,0.171803594,0.176864743,0.000512719,0.447966218,1.22E-05
0,0,vali_no_hengqievalidation96.jpg,0.198464304,0.381773114,0.080251001,0.362153739,0.067193165,0.330273628,0.224136472,0.283361673,0.179830909,0.832693934,0.141641617,0.001768708
0,0,vali_no_hengqievalidation98.jpg,0.323478371,0.366349608,0.2899414,0.401942194,0.372539669,0.322430909,0.284102321,0.388467789,0.465271771,0.296019673,0.219628334,0
0,0,vali_no_hengqievalidation99.jpg,0.339716524,0.350583047,0.301995575,0.402174622,0.370714694,0.326542765,0.283145666,0.370687187,0.455676973,0.187512696,0.349551976,5.96E-07
0,0,vali_no_zongqievalidation100.jpg,0.290420413,0.398694485,0.274849892,0.402150124,0.195490465,0.327476084,0.238714576,0.407797337,0.315648496,0.179402709,0.202513576,1.79E-07
0,0,vali_no_zongqievalidation102.jpg,0.387422681,0.175220683,0.248701647,0.381051391,0.051823623,0.330253929,0.280519664,0.366662621,0.434425235,0.594984889,0.331893802,0
0,0,vali_no_zongqievalidation104.jpg,0.601462543,0.647141337,0.702224672,0.354761422,0.371731013,0.320000023,0.307796001,0.346129417,0.287268519,0.270238817,0.231733203,1.97E-05
0,0,vali_no_zongqievalidation106.jpg,0.290654868,0.351114064,0.278346777,0.388074756,0.438883305,0.32960552,0.199305415,0.389243245,0.033737361,0.658071995,0.079657495,9.54E-07
0,0,vali_no_zongqievalidation107.jpg,0.188044265,0.188407183,0.070169352,0.358870417,0.09649276,0.321137846,0.327764153,0.29476583,0.248855591,0.44646126,0.119662166,6.79E-06
0,0,vali_no_zongqievalidation109.jpg,0.235088825,0.132436961,0.051497646,0.361261547,0.111737654,0.317085654,0.24955368,0.400120497,0.325665236,0.246127725,0.131938457,2.41E-05
0,0,vali_no_zongqievalidation112.jpg,0.418608576,0.287330896,0.076280266,0.352422237,0.075137325,0.228092641,0.253826976,0.326589584,0.27887243,0.364550471,0.31635654,0.021873116
0,0,vali_no_zongqievalidation114.jpg,0.411081553,0.237273887,0.181882948,0.352472156,0.031072179,0.319758743,0.215714872,0.287421644,0.052611589,0.001189709,0.058965445,0.006948531
0,0,vali_no_zongqievalidation115.jpg,0.334954083,0.116714351,0.251724809,0.361112297,0.034009349,0.333684146,0.252876401,0.454052091,0.418606997,0.472321808,0.441771805,0.000671446
0,0,vali_no_zongqievalidation117.jpg,0.323836148,0.216414422,0.030033173,0.355647087,0.099668019,0.29327628,0.304624677,0.433705568,0.526276827,0.519935608,0.462992132,0
0,0,vali_no_zongqievalidation12.jpg,0.263891906,0.256810606,0.205968827,0.372498512,0.112176225,0.332797706,0.296819448,0.181840301,0.15057689,0.201743841,0.212616682,2.03E-05
0,0,vali_no_zongqievalidation121.jpg,0.566266954,0.311610937,0.248127654,0.35791418,0.050384495,0.316135734,0.268935204,0.265977025,0.244624734,0.619551301,0.219091117,0.036598146
0,0,vali_no_zongqievalidation122.jpg,0.466677338,0.304822534,0.197973296,0.362010956,0.050227944,0.332967609,0.248249769,0.18092227,0.190361559,0.990367055,0.118911982,0.413900375
0,0,vali_no_zongqievalidation124.jpg,0.355303764,0.255674273,0.132924959,0.364890903,0.349672914,0.333624035,0.204938054,0.330699861,0.098760009,0.086608171,0.03610146,0
0,0,vali_no_zongqievalidation125.jpg,0.395503134,0.59325248,0.491248548,0.383125275,0.438883305,0.330261171,0.26068157,0.17257148,0.197349668,0.915911794,0.135774851,0.000402212
0,0,vali_no_zongqievalidation127.jpg,0.185199678,0.230199262,0.053716376,0.357745558,0.028547259,0.267303646,0.208234549,0.273444355,0.115977287,0.724985778,0.152710915,4.17E-07
0,0,vali_no_zongqievalidation14.jpg,0.241059661,0.63260299,0.270158678,0.36821872,0.105267309,0.333768129,0.257560611,0.171889603,0.231641293,0.051361799,0.421159744,2.41E-05
0,0,vali_no_zongqievalidation16.jpg,0.474348068,0.454197735,0.103714876,0.359539032,0.120779589,0.310949624,0.230291128,0.188566327,0.175285637,0.107483387,0.243207991,0.021873116
0,0,vali_no_zongqievalidation18.jpg,0.390935242,0.226739317,0.022314891,0.355254978,0.012074688,0.192395866,0.278837442,0.379712045,0.292670608,0.492713511,0.289914966,0.006948531
0,0,vali_no_zongqievalidation21.jpg,0.290077388,0.000561629,0.037346117,0.357865512,0.001617023,0.306009829,0.300741792,0.339611173,0.478036761,0.903216362,0.430832326,5.96E-08
0,0,vali_no_zongqievalidation23.jpg,0.246894389,0.24393113,0.05799643,0.354369313,0.007878451,0.260234416,0.270078897,0.289921403,0.321579397,0.9995206,0.439858437,1.14E-05
0,0,vali_no_zongqievalidation25.jpg,0.401730895,0.607478797,0.431158066,0.360242248,0.438883305,0.332492918,0.282997847,0.399720311,0.505126476,0.994085431,0.585100889,0.040293694
0,0,vali_no_zongqievalidation27.jpg,0.245119825,0.345048308,0.216016993,0.365172923,0.358659297,0.332617372,0.35055542,0.315820992,0.528081059,0.635675251,0.408281803,0
0,0,vali_no_zongqievalidation29.jpg,0.372731298,0.072168827,0.06636171,0.355466664,0.084595621,0.292866737,0.327802539,0.208907068,0.506659091,0.006532252,0.264865041,0.00325954
0,0,vali_no_zongqievalidation3.jpg,0.212343782,0.156144127,0.045417219,0.361870795,0.016107142,0.311142802,0.182284713,0.337192357,0.073091388,0.326771736,0.055174708,0
0,0,vali_no_zongqievalidation31.jpg,0.348058879,0.468997687,0.210146457,0.36794138,0.35667789,0.332617164,0.207345128,0.395748615,0.239883363,0.257499337,0.291648805,0.429825306
0,0,vali_no_zongqievalidation33.jpg,0.367429227,0.439282358,0.074184321,0.351959229,0.070463262,0.289022744,0.23693043,0.451706767,0.358099699,0.843805969,0.413890362,2.41E-05
0,0,vali_no_zongqievalidation34.jpg,0.294337004,0.455171585,0.086395055,0.352310002,0.212069601,0.30314374,0.252474666,0.356240153,0.1562832,0.016286373,0.061893702,0.021873116
0,0,vali_no_zongqievalidation37.jpg,0.29392907,0.263919413,0.101178207,0.358368009,0.051540818,0.324255794,0.245849252,0.495307744,0.332465291,0.006429017,0.457484245,0.006948531
0,0,vali_no_zongqievalidation39.jpg,0.280054778,0.33063525,0.067493059,0.351071566,0.030705607,0.254374355,0.190436006,0.351518154,0.085323393,0.001770675,0.047047734,1.79E-07
0,0,vali_no_zongqievalidation40.jpg,0.289429426,0.313769192,0.063911654,0.349621952,0.073751107,0.209776938,0.20329392,0.391243458,0.02691853,0.010083497,0.061022699,8.64E-06
0,0,vali_no_zongqievalidation43.jpg,0.390444607,0.167553291,0.214889735,0.352608204,0.002552357,0.334582061,0.299829841,0.364306509,0.07157445,0.166383803,0.207479119,0.000258148
0,0,vali_no_zongqievalidation45.jpg,0.097930081,0.137095913,0.017868796,0.357851475,0.070997797,0.287918568,0.143348575,0.346536815,0.134417176,0.957877278,0.207268715,1.19E-07
0,0,vali_no_zongqievalidation47.jpg,0.400086313,0.295900702,0.128753841,0.355562955,0.032316852,0.329477787,0.222401977,0.342020214,0.077418208,0.340421319,0.079724669,0
0,0,vali_no_zongqievalidation49.jpg,0.438242078,0.323069751,0.169489264,0.363159627,0.118474737,0.333064318,0.232226849,0.414923072,0.191023469,0.005062819,0.420515656,1.98E-05
0,0,vali_no_zongqievalidation5.jpg,0.379081905,0.315451652,0.126186252,0.359421462,0.149064556,0.324428767,0.282196999,0.357948601,0.053379774,0.005988717,0.040091395,0
0,0,vali_no_zongqievalidation51.jpg,0.263920516,0.014293291,0.078916036,0.362874389,0.005837439,0.331931412,0.258561254,0.367733002,0.331663847,0.012672842,0.352358162,0.000201821
0,0,vali_no_zongqievalidation53.jpg,0.237796307,0.241341189,0.082338594,0.363306761,0.032687359,0.331546634,0.243716955,0.234998107,0.221479118,0.259172857,0.187835872,0
0,0,vali_no_zongqievalidation55.jpg,0.350058436,0.115612395,0.03785057,0.353503823,0.086459644,0.226774216,0.24871397,0.286489069,0.152637482,0.008231997,0.287928581,0
0,0,vali_no_zongqievalidation56.jpg,0.428608298,0.049172889,0.264543712,0.359054238,0.029409518,0.313514143,0.292298794,0.272152066,0.305056572,0.722701192,0.199982107,1.79E-07
0,0,vali_no_zongqievalidation59.jpg,0.349432141,0.257590175,0.075391456,0.355144083,0.192206025,0.254099488,0.330561221,0.279079556,0.252450228,0.32968998,0.285766482,8.64E-06
0,0,vali_no_zongqievalidation60.jpg,0.204642028,0.248382673,0.059194718,0.359868258,0.018351443,0.306523085,0.239384472,0.391214907,0.350416422,0.024966717,0.281573832,0.000258148
0,0,vali_no_zongqievalidation62.jpg,0.374247521,0.057490565,0.203249559,0.375360668,0.047865584,0.327905118,0.238133073,0.493219018,0.476947784,0.502689838,0.519669652,0.000546038
0,0,vali_no_zongqievalidation65.jpg,0.448717386,0.030761527,0.059994262,0.359711528,0.017069638,0.331189841,0.275833726,0.368619084,0.347192526,0.029472947,0.319630086,3.04E-06
0,0,vali_no_zongqievalidation67.jpg,0.228922352,0.32506451,0.19557184,0.375969946,0.246897995,0.333441347,0.261862278,0.489556789,0.524420679,0.11098206,0.52557838,0.000155807
0,0,vali_no_zongqievalidation68.jpg,0.241890386,0.331520498,0.193323597,0.375748873,0.168439195,0.33337152,0.271005988,0.541502118,0.325899243,0.76092577,0.483136535,0.000187695
0,0,vali_no_zongqievalidation7.jpg,0.283259183,0.248010397,0.047246415,0.358052701,0.058028866,0.312885493,0.231198311,0.34633857,0.14488101,0.079349279,0.076782823,0
0,0,vali_no_zongqievalidation70.jpg,0.388803035,0.195622802,0.071943671,0.355366051,0.017556509,0.295444608,0.227525592,0.347289443,0.040908396,0.140398145,0.033488572,0
0,0,vali_no_zongqievalidation71.jpg,0.388933718,0.247557312,0.085613884,0.355679184,0.06597048,0.297262847,0.258739471,0.395856142,0.438987613,0.912597299,0.34024334,0.018208146
0,0,vali_no_zongqievalidation73.jpg,0.346678764,0.026155498,0.157174915,0.361685157,0.034090467,0.332307011,0.269722819,0.207802773,0.100455999,0.272082448,0.092234433,0
0,0,vali_no_zongqievalidation76.jpg,0.415126652,0.712743223,0.334157616,0.385943651,0.38371253,0.32837224,0.268256545,0.237242341,0.196929991,0.516059339,0.254372716,7.87E-06
0,0,vali_no_zongqievalidation78.jpg,0.369435817,0.027306234,0.066869825,0.357792079,0.085371964,0.330890059,0.200336635,0.360165954,0.109021187,0.011997581,0.05780983,3.10E-06
0,0,vali_no_zongqievalidation79.jpg,0.294870138,0.096426457,0.118730165,0.363121867,0.019929444,0.331378132,0.178203583,0.367099524,0.077423334,0.002122223,0.049166918,1.79E-07
0,0,vali_no_zongqievalidation8.jpg,0.249129534,0.179884538,0.048042368,0.36025098,0.10917794,0.306652158,0.32045567,0.20788002,0.187847376,0.409924388,0.120687485,8.64E-06
0,0,vali_no_zongqievalidation82.jpg,0.321087331,0.357580334,0.082093552,0.353829324,0.116368413,0.266360909,0.305223286,0.199677885,0.205134749,0.541769862,0.161280394,0.000258148
0,0,vali_no_zongqievalidation84.jpg,0.450562567,0.331031471,0.263639688,0.356855273,0.438883305,0.333893478,0.293608308,0.225260258,0.399887323,0.006308079,0.284971595,0
0,0,vali_no_zongqievalidation86.jpg,0.290959477,0.002216467,0.125853509,0.363369614,0.021194728,0.333630472,0.352943778,0.328981519,0.595770061,0.117021084,0.463029385,0.004904389
0,0,vali_no_zongqievalidation88.jpg,0.136245832,0.000252251,0.014853041,0.352968484,0.008301445,0.225823402,0.29327786,0.436748087,0.50235033,0.258394599,0.529273868,0.028454304
0,0,vali_no_zongqievalidation9.jpg,0.223406464,0.426286012,0.174684256,0.36311692,0.346205086,0.331062675,0.240847707,0.353613853,0.135458231,0.262381613,0.042264521,0.004904389
0,0,vali_no_zongqievalidation90.jpg,0.094621055,0.001840642,0.021345837,0.35517031,0.057012148,0.280739963,0.233773708,0.297027349,0.120428026,0.045729518,0.055961728,0.028454304
1,1,vali_no_zongqievalidation94.jpg,0.182271957,0.257423162,0.112068303,0.371539265,0.168867081,0.332333565,0.348211646,0.265877724,0.374404132,0.95176518,0.435168386,0.320392132
1,1,vali_no_zongqievalidation97.jpg,0.130542338,0.291303426,0.035227273,0.360519826,0.035362683,0.324856848,0.264519453,0.215298772,0.344694018,0.550358176,0.097917318,0.502439797
1,1,vali_yes_hengqievalidationyou11.jpg,0.256022245,0.000908097,0.158371553,0.377290457,0.034152482,0.330405712,0.292944551,0.421062112,0.490160227,0.990065396,0.372753143,0.000378788
1,1,vali_yes_hengqievalidationyou13.jpg,0.272687972,0.527713776,0.357741326,0.376976788,0.438883305,0.332778633,0.27891314,0.232301772,0.340574741,0.762432933,0.489186466,0.99973309
1,1,vali_yes_hengqievalidationyou15.jpg,0.362352699,0.399812311,0.240948781,0.387342304,0.196825743,0.32611075,0.265802741,0.322494507,0.303843498,0.969316542,0.296715379,0.651705146
1,1,vali_yes_hengqievalidationyou17.jpg,0.323658705,0.331230611,0.231825545,0.388437033,0.028071068,0.329831183,0.337151885,0.443253279,0.515425205,0.57646507,0.414682627,0.500786662
1,1,vali_yes_hengqievalidationyou19.jpg,0.42141971,0.252747536,0.119980514,0.351602733,0.008236378,0.300590605,0.400257587,0.417426825,0.399326146,0.506596684,0.350783169,0.984392643
1,1,vali_yes_hengqievalidationyou2.jpg,0.672153115,0.957795441,0.907088459,0.364530206,0.438883305,0.33323884,0.252589464,0.326241255,0.280067563,0.161622047,0.227053404,0.072646379
1,1,vali_yes_hengqievalidationyou21.jpg,0.394843966,0.610071421,0.349502325,0.361755729,0.438883305,0.332964659,0.275823295,0.218714416,0.22966671,0.960511804,0.230609655,0.972830832
1,1,vali_yes_hengqievalidationyou23.jpg,0.325441897,0.423380911,0.253783256,0.372411937,0.078952447,0.332132399,0.231405973,0.336119175,0.190399051,0.007863939,0.111172259,5.60E-06
1,1,vali_yes_hengqievalidationyou25.jpg,0.389486551,0.277714998,0.169172704,0.364171892,0.015356053,0.332581878,0.234247386,0.397473872,0.287824035,0.145536363,0.237643898,0.984329104
1,1,vali_yes_hengqievalidationyou27.jpg,0.448214918,0.353785336,0.241905883,0.357675433,0.193351403,0.329048246,0.324926019,0.323176742,0.449121475,0.025340557,0.415913701,0.043183684
1,1,vali_yes_hengqievalidationyou29.jpg,0.575624049,0.623656392,0.559562922,0.360080332,0.438883305,0.333294034,0.24452728,0.193437219,0.159561634,0.495018482,0.14164865,0.008509398
1,1,vali_yes_hengqievalidationyou3.jpg,0.40349707,0.517543912,0.144629538,0.358731478,0.010358581,0.332976252,0.2880705,0.464669883,0.557341099,0.598305881,0.554511428,0.410003901
1,1,vali_yes_hengqievalidationyou32.jpg,0.400782406,0.392087966,0.185609788,0.356784374,0.270684659,0.330301583,0.333585858,0.505316138,0.624070287,0.476827979,0.561975718,0.143017411
1,1,vali_yes_hengqievalidationyou33.jpg,0.55247885,0.360512316,0.301662028,0.360568017,0.438883305,0.333305001,0.353766441,0.456637621,0.589371979,0.139749527,0.537788749,0.725886703
1,1,vali_yes_hengqievalidationyou36.jpg,0.376074344,0.452460676,0.215729639,0.36043191,0.066401355,0.333306164,0.280827641,0.339786053,0.366562486,0.023054838,0.481974959,0.220309377
1,1,vali_yes_hengqievalidationyou37.jpg,0.61697346,0.431664705,0.453563124,0.360856324,0.40218097,0.33186987,0.253938675,0.410925627,0.362764657,0.269483805,0.306796849,0.460624456
1,1,vali_yes_hengqievalidationyou38.jpg,0.18866241,0.351007074,0.124994494,0.359712899,0.265735507,0.333136678,0.261162519,0.414361596,0.383906424,0.217600644,0.41497767,0.851964712
1,1,vali_yes_hengqievalidationyou40.jpg,0.449548095,0.52132982,0.286527157,0.361119002,0.438883305,0.333265543,0.256429076,0.468442082,0.443545103,0.992314696,0.512216151,0.995534539
1,1,vali_yes_hengqievalidationyou42.jpg,0.435033977,0.46316734,0.288386405,0.374422044,0.025240185,0.330940306,0.329649627,0.364535689,0.489825189,0.942444444,0.453214526,0.482204378
1,1,vali_yes_hengqievalidationyou44.jpg,0.396720082,0.581104815,0.284202069,0.353457868,0.312846988,0.303490847,0.350468516,0.328215122,0.478795528,0.968387604,0.421200156,0.002168894
1,1,vali_yes_hengqievalidationyou46.jpg,0.395135373,0.030881163,0.126326531,0.354840219,0.00092783,0.332809716,0.277454019,0.31025219,0.395943999,0.016038299,0.318457007,0.558385372
1,1,vali_yes_hengqievalidationyou6.jpg,0.190084964,0.040323086,0.050204884,0.361120433,0.022168739,0.319534898,0.235644519,0.247560441,0.124178648,0.998111606,0.064759731,0.00913161
1,1,vali_yes_hengqievalidationyou7.jpg,0.337199271,0.265264869,0.21870552,0.397885323,0.050327968,0.323959708,0.240276575,0.398510575,0.203117728,0.992835283,0.35460937,0.506650984
1,1,vali_yes_hengqievalidationyou9.jpg,0.364077032,0.173537239,0.026234439,0.349936903,0.046648238,0.220179588,0.312546849,0.5412606,0.616570711,0.486061394,0.596390605,0.999895096
1,1,vali_yes_zongqievalidationyou1.jpg,0.253960282,0.212276205,0.058871251,0.363388598,0.010306894,0.333093017,0.301442981,0.534509063,0.643553257,0.998208404,0.601524591,0.999963999
1,1,vali_yes_zongqievalidationyou10.jpg,0.256622285,0.146443069,0.060531564,0.361799359,0.012362134,0.331936896,0.293319166,0.423359752,0.539134622,0.015878439,0.470427692,5.96E-08
1,1,vali_yes_zongqievalidationyou12.jpg,0.255826175,0.264644384,0.187449396,0.370666891,0.174394995,0.331468701,0.261487246,0.484920502,0.361145377,0.000300407,0.55370599,2.03E-06
1,1,vali_yes_zongqievalidationyou14.jpg,0.30098927,0.610911489,0.553652585,0.369972557,0.417845845,0.332921535,0.286745787,0.489401817,0.377522111,0.878002465,0.543521523,0.318889558
1,1,vali_yes_zongqievalidationyou16.jpg,0.738187253,0.33367908,0.235306799,0.353271961,0.438883305,0.246068984,0.326999128,0.441281915,0.5289464,0.674287915,0.544163108,0.032842994
1,1,vali_yes_zongqievalidationyou18.jpg,0.425204396,0.291646957,0.070825748,0.355895668,0.028312029,0.280323833,0.396374166,0.358114362,0.111736774,0.760440946,0.126246333,0.030184627
1,1,vali_yes_zongqievalidationyou20.jpg,0.492548227,0.929278255,0.632517278,0.367655545,0.438883305,0.332172632,0.176030576,0.319557905,0.050662637,0.017835855,0.076682866,0.001436234
1,1,vali_yes_zongqievalidationyou22.jpg,0.750970781,0.915333629,0.92672509,0.361383229,0.438883305,0.333421856,0.381582379,0.374525249,0.382530928,0.440139771,0.292300999,3.52E-06
1,1,vali_yes_zongqievalidationyou24.jpg,0.394046038,0.227225825,0.288961112,0.363096863,0.088239267,0.333366036,0.228962302,0.365097046,0.117284656,0.997183442,0.283232331,0.504157603
1,1,vali_yes_zongqievalidationyou26.jpg,0.269200444,0.279541045,0.078183159,0.360122293,0.013569258,0.320168585,0.282157719,0.434683204,0.424096584,0.609514236,0.340189874,0.000132799
1,1,vali_yes_zongqievalidationyou28.jpg,0.766307175,0.742192924,0.911003947,0.357709646,0.438883305,0.315364748,0.32642597,0.45811373,0.540705979,0.015571356,0.528145254,0.000148535
1,1,vali_yes_zongqievalidationyou30.jpg,0.318207979,0.602132261,0.188684851,0.358365029,0.243113443,0.333364278,0.308780551,0.446397662,0.578410625,0.406355023,0.550252914,0.000354171
1,1,vali_yes_zongqievalidationyou31.jpg,0.592103064,0.466397941,0.357385367,0.361277759,0.438883305,0.333074927,0.285298944,0.468608022,0.36023736,0.867384911,0.449774086,0.968629003
1,1,vali_yes_zongqievalidationyou34.jpg,0.764191628,0.579639733,0.610660791,0.353054762,0.437289923,0.268531591,0.287788928,0.480404377,0.546686947,0.966561258,0.50088805,0.000278473
1,1,vali_yes_zongqievalidationyou35.jpg,0.32319355,0.253442496,0.218251765,0.37107715,0.178654194,0.333519995,0.297299087,0.430571139,0.592854381,0.999646902,0.545262516,0.399388254
1,1,vali_yes_zongqievalidationyou39.jpg,0.568282425,0.363183051,0.372500271,0.361979842,0.429932058,0.332714736,0.266981184,0.398460746,0.442835987,0.815572977,0.461776733,0.003288507
1,1,vali_yes_zongqievalidationyou4.jpg,0.181757167,0.284237593,0.130962893,0.36371392,0.071743481,0.332361519,0.2371912,0.402588367,0.232952774,0.127514482,0.216997266,0.076029599
1,1,vali_yes_zongqievalidationyou41.jpg,0.404518455,0.437103808,0.403619319,0.371133775,0.438883305,0.333164066,0.254690766,0.358106613,0.205471873,0.047339797,0.070074558,8.51E-05
1,1,vali_yes_zongqievalidationyou43.jpg,0.391167581,0.265416503,0.245164275,0.374896348,0.0706736,0.332589775,0.043097317,0.33093363,0.341575742,0.479559183,0.400008082,1.48E-05
1,1,vali_yes_zongqievalidationyou45.jpg,0.359038919,0.826521516,0.617164314,0.3581613,0.420127004,0.311780751,0.290830255,0.276286483,0.238400102,0.025356591,0.417865515,0.300347984
